id,author,length,created_at,like_count,retweet_count,full_text,source
1274835211134607368,BreitbartNews,53,2020-06-21 22:42:54,74,29,This is De Blasio's New York. https://t.co/eGF3CFOU5N,SocialFlow
1274829695830364164,BreitbartNews,124,2020-06-21 22:20:59,87,45,"Brett Favre believes Colin Kaepernick, like Army Ranger Pat Tillman, will be thought of as a ‚Äúhero.‚Äù https://t.co/FQTYIIbiVs",SocialFlow
1274825123292463104,BreitbartNews,237,2020-06-21 22:02:49,74,24,"Actor Ansel Elgort has vehemently denied allegations of sexual misconduct after a woman accused him of assaulting her back in 2014 when she was 17, claiming her ‚Äúdescription of events is simply not what happened.‚Äù https://t.co/tpeL5T4WvR",SocialFlow
1274820531083251714,BreitbartNews,65,2020-06-21 21:44:34,638,254,"Float like a butterfly, sting like a bee! https://t.co/V0CpDKjrhA",SocialFlow
1274815967068131334,BreitbartNews,120,2020-06-21 21:26:26,1236,625,Where are the protests against the failed Democrat leadership in the hellscape known as Chicago? https://t.co/uwJ6Ah2UIA,SocialFlow
1274804848878329859,BreitbartNews,251,2020-06-21 20:42:15,1261,810,"Rep. Alexandria Ocasio-Cortez (D-NY) openly cheered reports of teenagers and Korean pop music fans using the Chinese-owned app TikTok to sign up for President Trump‚Äôs campaign rally in Tulsa, Oklahoma, and inflate RSVP numbers. https://t.co/BbYi5HwjJU",SocialFlow
1274797380299341825,BreitbartNews,190,2020-06-21 20:12:34,2508,828,President Trump says it is ‚Äúcommon sense‚Äù to reduce overall immigration to the United States while more than 30 million Americans are jobless and want full-time work. https://t.co/l64isyPo5f,SocialFlow
1274780866783465472,BreitbartNews,52,2020-06-21 19:06:57,470,252,Will this make Philly safer? https://t.co/SB2oLZYSHL,SocialFlow
1274765730261671938,BreitbartNews,209,2020-06-21 18:06:48,551,179,"Trump Campaign Manager Brad Parscale berated the media for savaging the campaign‚Äôs small crowd size in Tulsa on Saturday, despite boasting a million campaign ticket requests beforehand. https://t.co/5jY00lTSLE",SocialFlow
1274759546981027840,BreitbartNews,186,2020-06-21 17:42:14,776,482,"The woman wanted for torching a Wendy‚Äôs in Atlanta where Rayshard Brooks was killed might have been romantically involved with him, according to multiple reports. https://t.co/TS2PmkGeS0",SocialFlow
1274748188944207873,BreitbartNews,51,2020-06-21 16:57:06,940,279,Pencil Neck still believes! https://t.co/Q5zmPoeEkr,SocialFlow
1274745495068577798,BreitbartNews,140,2020-06-21 16:46:24,0,441,"RT @NolteNC: ""Remember when National Review‚Äôs Rich Lowry reassured us we were stupid alarmists for fearing the Woke Taliban would target th‚Ä¶",Twitter for iPhone
1274743253301186560,BreitbartNews,65,2020-06-21 16:37:29,1446,543,"Float like a butterfly, sting like a bee! https://t.co/T8iVXKuHrK",SocialFlow
1274739290329829384,BreitbartNews,109,2020-06-21 16:21:44,0,120,RT @BreitbartTexas: VIDEO: Top Cartel Boss Cries After Police Raids in Central Mexico https://t.co/TeeH3JOIIL,Twitter for iPhone
1274737760365092865,BreitbartNews,155,2020-06-21 16:15:40,726,260,"Trump on Democrats: ‚ÄúThey want to take away your guns through the repeal of your Second Amendment, as sure as you‚Äôre sitting here.‚Äù https://t.co/Zmr8XLAXjV",SocialFlow
1274730275222716423,BreitbartNews,124,2020-06-21 15:45:55,467,218,"Brett Favre believes Colin Kaepernick, like Army Ranger Pat Tillman, will be thought of as a ‚Äúhero.‚Äù https://t.co/3o4Z7B4vdt",SocialFlow
1274725518080970754,BreitbartNews,65,2020-06-21 15:27:01,535,157,Good folks stepped up and made it happen. https://t.co/p8XwaG3UMU,SocialFlow
1274720069189328905,BreitbartNews,213,2020-06-21 15:05:22,206,180,The Jacksonville Sheriff‚Äôs office is investigating after discovering an officer-dressed mannequin hanging above an Interstate-95 overpass on Saturday in what appeared to be a mock lynching. https://t.co/QPhXdrWdd2,SocialFlow
1274719782856790016,BreitbartNews,109,2020-06-21 15:04:14,0,290,"RT @joelpollak: Pollak: After TikTok, 2020 Election Is About China https://t.co/xXQjG8HVLI via @BreitbartNews",Twitter for iPhone
1274715335623663616,BreitbartNews,120,2020-06-21 14:46:33,0,179,RT @BreitbartLondon: Sources Name Suspect in UK Knife Rampage as Libyan Migrant Khairi Saadallah https://t.co/LojHBJkPxw,Twitter for iPhone
1274715029024182272,BreitbartNews,163,2020-06-21 14:45:20,1281,328,"Trump angered celebrities, leftists, and reporters after he said during a campaign rally some people called the coronavirus the ""Kung-flu."" https://t.co/EDFtxGLDN0",SocialFlow
1274710290345742336,BreitbartNews,27,2020-06-21 14:26:30,3324,1181,WOW https://t.co/2TvsKWTydC,SocialFlow
1274705168358092807,BreitbartNews,205,2020-06-21 14:06:09,180,68,Presumptive Democrat presidential nominee Joe Biden is looking to assemble a team that will help carry him to the White House next year should he defeat President Trump in November. https://t.co/8QQDVz32lS,SocialFlow
1274701982666817537,BreitbartNews,106,2020-06-21 13:53:30,1734,250,Joey Wittkugle will turn 62 on June 29 ‚Äî doctors said he would never live past 11. https://t.co/J6uibPR6UK,SocialFlow
1274696677069336577,BreitbartNews,264,2020-06-21 13:32:25,857,589,"Opponents of President Donald Trump celebrated the fact that his rally at the BOK Center in Tulsa, Oklahoma, on Saturday night was only half-full, claiming credit for a TikTok prank that flooded the Trump campaign‚Äôs website with fake RSVPs. https://t.co/Z9WHD1MB1x",SocialFlow
1274691674095202305,BreitbartNews,280,2020-06-21 13:12:32,214,157,"Facebook allegedly canceled all meetings to celebrate Juneteenth, opting instead to invite employees to a ‚Äúday of learning‚Äù on racial justice with far-left speakers including Black Lives Matter leader DeRay Mckesson and former Attorney General Eric Holder. https://t.co/tUn7oo5bAi",SocialFlow
1274686249635393537,BreitbartNews,209,2020-06-21 12:50:59,2191,1318,The United Nations Office at Geneva (UNOG) has removed a social media post that defended the right of Antifa to ‚Äúfreedom of expression‚Äù and ‚Äúpeaceful assembly‚Äù after a massive backlash. https://t.co/K3ruryeHk6,SocialFlow
1274685163432218624,BreitbartNews,141,2020-06-21 12:46:40,739,183,The Atlanta Police Foundation announced that it would be paying every Atlanta Police Department Officer a $500 bonus. https://t.co/Uino0yhkwc,SocialFlow
1274679933336457216,BreitbartNews,164,2020-06-21 12:25:53,272,147,"One man is dead and a dozen others have non-life-threatening injuries after a shooting in North Minneapolis, police there said early Sunday. https://t.co/SQM8FpezgU",SocialFlow
1274678872831901696,BreitbartNews,104,2020-06-21 12:21:40,1016,254,"‚ÄúWhen you see those lunatics all over the streets, it‚Äôs damn nice to have arms.‚Äù https://t.co/48DAKdRq3t",SocialFlow
1274673611740192768,BreitbartNews,94,2020-06-21 12:00:45,297,324,Communist China's gruesome Yulin Dog Meat Festival continues unabated. https://t.co/LwRLvc5NgE,SocialFlow
1274668437428715522,BreitbartNews,81,2020-06-21 11:40:12,1572,555,Joe Biden is a radical extremist's dream: an empty shell. https://t.co/gF4KmMYv69,SocialFlow
1274663274534121473,BreitbartNews,150,2020-06-21 11:19:41,780,291,President Trump warned that Joe Biden and Democrats ‚Äúwant to take away your guns through the repeal of your Second Amendment.‚Äù https://t.co/BomJTLFvVA,SocialFlow
1274658395459633152,BreitbartNews,52,2020-06-21 11:00:18,293,108,Some headlines say it all... https://t.co/diSRWhl8Pn,SocialFlow
1274580555611418626,BreitbartNews,29,2020-06-21 05:50:59,1455,386,ICYMI https://t.co/IIo3vrWdnQ,SocialFlow
1274564055546691584,BreitbartNews,28,2020-06-21 04:45:25,1785,531,BAM. https://t.co/nmzdF7qsCZ,SocialFlow
1274557630233620480,BreitbartNews,38,2020-06-21 04:19:53,5078,1314,Moments ago... https://t.co/6vn6ZL8SDZ,SocialFlow
1274550059397525504,BreitbartNews,209,2020-06-21 03:49:48,1245,307,President Donald Trump on Saturday suggested at a campaign rally that he might just allow leftists to keep the autonomous zone seized in Seattle to show the country how the left worked. https://t.co/D5eXUc8G2z,SocialFlow
1274545194919223297,BreitbartNews,79,2020-06-21 03:30:29,315,173,Democrat demonization of law enforcement intensifies... https://t.co/RfcAYNahOo,SocialFlow
1274540142670360576,BreitbartNews,28,2020-06-21 03:10:24,5027,1528,Wow! https://t.co/dALZOcNTPu,SocialFlow
1274536472075472898,BreitbartNews,239,2020-06-21 02:55:49,491,246,"Tensions have been escalating outside of the venue of President Trump‚Äôs Tulsa rally as Black Lives Matter protesters take to the streets marching, shouting, and in some cases, confronting the president‚Äôs supporters. https://t.co/AYGIbWINku",SocialFlow
1274536029651861506,BreitbartNews,216,2020-06-21 02:54:03,1802,461,"‚ÄúI have done more for the black community in four years then Joe Biden has done in 47 years,‚Äù said President Donald Trump. ‚ÄùRacial justice begins with Joe Biden‚Äôs retirement from public life.‚Äù https://t.co/TYzuLSlHXJ",SocialFlow
1274531375413108736,BreitbartNews,259,2020-06-21 02:35:34,3753,1689,Disney‚Äôs executives stopped advertising on Tucker Carlson‚Äôs television show as he repeatedly urged President Donald Trump to shut down their pipeline of H-1B visa workers into the white-collar jobs that would otherwise go to Americans. https://t.co/2XCb4R5Hqq,SocialFlow
1274525938110341120,BreitbartNews,217,2020-06-21 02:13:57,639,269,Indians wishing to boycott Chinese products after this week's deadly border clash are discovering the harsh reality that Chinese imports have muscled out all competition for many popular items. https://t.co/2aPJci9HYX,SocialFlow
1274520440367710210,BreitbartNews,125,2020-06-21 01:52:07,876,182,"‚ÄúI‚Äôll let you know if there is something wrong. There is something wrong with Biden, that I can say.‚Äù https://t.co/wpBI0koJyd",SocialFlow
1274519641042366464,BreitbartNews,156,2020-06-21 01:48:56,2480,548,"President Trump said individuals who burn the American flag should have to spend a year in prison during a rally in Tulsa, Oklahoma. https://t.co/FhjxXVhOnH",SocialFlow
1274516366863859717,BreitbartNews,129,2020-06-21 01:35:55,1974,403,"President Trump skewered Joe Biden as a ‚Äúhelpless puppet‚Äù during a rally in Tulsa, Oklahoma, on Saturday. https://t.co/IZCf19V6xA",SocialFlow
1274511408676384768,BreitbartNews,170,2020-06-21 01:16:13,114,55,"Calhoun Square in Minneapolis, Minnesota was named after United States Vice President John C. Calhoun, who served the office from 1825 until 1832. https://t.co/dv8dn5fxKa",SocialFlow
1274506320666701825,BreitbartNews,251,2020-06-21 00:56:00,1026,308,".@RealMikeLindell: ""Now you have people in lockdowns, you got people that are doing riots, no masks and stuff. It exposed a lot of things. It exposed Democrat-run cities like my home state of Minnesota, horribly run, horribly."" https://t.co/dZ7kIni6Lb",SocialFlow
1274502113809305600,BreitbartNews,196,2020-06-21 00:39:17,829,283,President Trump is expected to expand an existing executive order to further halt the inflow of foreign visa workers while more than 30 million Americans remain unemployed. https://t.co/0Oq978QLxR,SocialFlow
1274500615301890050,BreitbartNews,217,2020-06-21 00:33:20,523,202,Indians wishing to boycott Chinese products after this week's deadly border clash are discovering the harsh reality that Chinese imports have muscled out all competition for many popular items. https://t.co/G5h3q0zBdS,SocialFlow
1274495421038170120,BreitbartNews,236,2020-06-21 00:12:42,147,72,"Crews removed two Confederate monuments in Raleigh, North Carolina, Saturday morning after protesters wrecked the two bronze soldiers which stood atop the 75-foot Confederate monument at the capitol Friday night. https://t.co/vynkq8TjhD",SocialFlow
1274489837802962951,BreitbartNews,93,2020-06-20 23:50:30,1290,430,Watch Live: President Donald Trump Hosts MAGA Campaign Rally in Tulsa https://t.co/blvnvT2nhM,SocialFlow
1274487814755946496,BreitbartNews,229,2020-06-20 23:42:28,378,176,House Judiciary Committee Chairman Jerry Nadler (D-NY) announced Saturday that his panel will launch an investigation into the firing of U.S. Attorney for the Southern District of New York Geoffrey Berman. https://t.co/chkP2JlxKi,SocialFlow
1274483372237209600,BreitbartNews,32,2020-06-20 23:24:49,599,176,Amazing! https://t.co/88wsQeoC5n,SocialFlow
1274477984095834112,BreitbartNews,136,2020-06-20 23:03:24,594,209,Ever notice how leftists hate cutting spending unless it involves weakening national defense or law enforcement? https://t.co/pQPHZOHiZe,SocialFlow
1274472452106706950,BreitbartNews,132,2020-06-20 22:41:25,776,253,The U.S. Air Force called its first woman to serve as its highest-ranking noncommissioned officer on Friday. https://t.co/1qrvEJ9mwA,SocialFlow
1274467037734109185,BreitbartNews,97,2020-06-20 22:19:54,529,202,Left-wing documentary filmmaker Michael Moore is warning Democrats again. https://t.co/KEHuwyV8Dj,SocialFlow
1274462648944517120,BreitbartNews,140,2020-06-20 22:02:28,0,217,"RT @EdwinMora83: Several #woke companies commemorate #JuneteenthDay while reportedly benefiting, directly or indirectly, from slave labor b‚Ä¶",Twitter for iPhone
1274462619437535232,BreitbartNews,140,2020-06-20 22:02:21,0,279,RT @BreitbartLondon: UPDATE: Security sources have told PA the man arrested in connection with a multiple stabbing incident in Forbury Gard‚Ä¶,Twitter for iPhone
1274462288326557696,BreitbartNews,86,2020-06-20 22:01:02,718,193,Watch Live: Trump Crowd Pours In as Doors Open for Trump Rally https://t.co/HnpAlhV6L9,SocialFlow
1274461081549901828,BreitbartNews,140,2020-06-20 21:56:14,0,129,"RT @BreitbartLondon: UPDATE: Sky News and PA now say sources are reporting a multiple stabbing in Forbury Gardens, Reading, was ""terror-rel‚Ä¶",Twitter for iPhone
1274458598026940417,BreitbartNews,81,2020-06-20 21:46:22,1044,399,Joe Biden is a radical extremist's dream: an empty shell. https://t.co/1dk0q2xQvN,SocialFlow
1274453681568653317,BreitbartNews,128,2020-06-20 21:26:50,948,226,A robbery suspect who allegedly demanded money at gunpoint in Tennessee was shot by the would-be victim. https://t.co/7uVNVJZLWj,SocialFlow
1274449395791155201,BreitbartNews,125,2020-06-20 21:09:48,0,260,"RT @BreitbartLondon: BREAKING: Multiple Stabbings at Park in Reading, England After BLM Demonstration https://t.co/ipcXSLvBmy",Twitter for iPhone
1274447922747318272,BreitbartNews,207,2020-06-20 21:03:57,403,145,"HAWKINS: With riots in Democrat-run city after Democrat-run city, including violent attacks against police and private citizens, national reciprocity is perhaps more needed than ever. https://t.co/sttlWkDMjN",SocialFlow
1274442324236517377,BreitbartNews,180,2020-06-20 20:41:42,3061,1060,The Sacramento County Sheriff‚Äôs Office is refusing to enforce California Gov. Gavin Newsom‚Äôs (D) order requiring residents to wear face coverings in public. https://t.co/TZRK7BEDrI,SocialFlow
1274436901731217415,BreitbartNews,200,2020-06-20 20:20:09,1251,400,"Gov. Bill Lee (R) of Tennessee said Friday he will sign into law a bill that bans abortions at the time a fetal heartbeat can be detected, at about the sixth week of pregnancy. https://t.co/Xw7teL0p4y",SocialFlow
1274431643554635777,BreitbartNews,159,2020-06-20 19:59:16,337,170,"‚ÄúI‚Äôm absolutely certain that China is behind it,‚Äù said Peter Jennings, executive director of the Australian Strategic Policy Institute. https://t.co/yJCtZO1FjD",SocialFlow
1274426446761639936,BreitbartNews,28,2020-06-20 19:38:37,409,147,Wow! https://t.co/OfGb1RF45X,SocialFlow
1274421266393583616,BreitbartNews,28,2020-06-20 19:18:02,1435,412,Nope https://t.co/uLIbd2M54D,SocialFlow
1274415991695572994,BreitbartNews,60,2020-06-20 18:57:04,572,194,The viral sensation sweeping the web https://t.co/Kl4vFQ7kTU,SocialFlow
1274410720688574466,BreitbartNews,94,2020-06-20 18:36:07,323,340,Communist China's gruesome Yulin Dog Meat Festival continues unabated. https://t.co/z6kj9xUxFL,SocialFlow
1274405640362999810,BreitbartNews,147,2020-06-20 18:15:56,360,189,"At least two people were shot, one fatally, inside Seattle‚Äôs autonomous zone early Saturday morning, according to a report. https://t.co/rxH8rSuxE5",SocialFlow
1274404782363607041,BreitbartNews,47,2020-06-20 18:12:32,607,477,BLM in their own words. https://t.co/jGIp3Sdzyk,SocialFlow
1274399714268663811,BreitbartNews,125,2020-06-20 17:52:23,1797,1849,The United Nations Office at Geneva (UNOG) posted the flag of Antifa on its official Twitter account. https://t.co/aLlSsGCUxa,SocialFlow
1274394615471374342,BreitbartNews,145,2020-06-20 17:32:08,911,400,Will rich Entertainment Elites also vow never to hire PRIVATE security when they achieve their utopian police-free world? https://t.co/9KNPoR6CyL,SocialFlow
1274392427340664833,BreitbartNews,137,2020-06-20 17:23:26,0,456,RT @BobPriceBBTX: Woman with Two Infant Children Busted with 117 Pounds of Meth at Arizona Immigration Checkpoint https://t.co/VOhIAQdPtA,Twitter for iPhone
1274389341268312067,BreitbartNews,113,2020-06-20 17:11:10,441,214,NEW LOW: MSNBC should be ashamed for allowing this disgusting rhetoric over the airwaves. https://t.co/DZoXxGeSem,SocialFlow
1274384892038721536,BreitbartNews,36,2020-06-20 16:53:29,918,358,We are LIVE! https://t.co/Oi0cLeSWr7,Twitter for iPhone
1274384637834539008,BreitbartNews,140,2020-06-20 16:52:29,0,70,"RT @LibertarianBlue: EXCLUSIVE: Facebook Insider Reveals Juneteenth Day of Wokeness, ‚ÄòDiversity Scores‚Äò for Managers https://t.co/2yUyctdVI‚Ä¶",Twitter for iPhone
1274384115551387649,BreitbartNews,81,2020-06-20 16:50:24,907,343,Joe Biden is a radical extremist's dream: an empty shell. https://t.co/FH85opwPL3,SocialFlow
1274378960659513346,BreitbartNews,52,2020-06-20 16:29:55,292,119,Some headlines say it all... https://t.co/GcGo4zR40D,SocialFlow
1274373887225204737,BreitbartNews,79,2020-06-20 16:09:46,207,149,Democrat demonization of law enforcement intensifies... https://t.co/qbnuJZk4cF,SocialFlow
1274368825463627776,BreitbartNews,164,2020-06-20 15:49:39,19573,6289,"President Trump's justice department is defending women's sports from an Idaho lawsuit by transgender activists, and from the Supreme Court. https://t.co/Hc3obVXhwb",SocialFlow
1274368128785559554,BreitbartNews,140,2020-06-20 15:46:53,0,205,"RT @francesmartel: It's Summer Solstice, which means China is getting ready for the Yulin dog meat festival that was totally banned you guy‚Ä¶",Twitter for iPhone
1274363614078607361,BreitbartNews,176,2020-06-20 15:28:56,32281,18985,"REVEALED: An anti-deportation group partnering with George Soros's Open Society Foundation is one of the groups behind the ""defund the police"" movement. https://t.co/rmSYGkC583",SocialFlow
1274363192400109572,BreitbartNews,140,2020-06-20 15:27:16,0,13,"RT @SiriusXMPatriot: Breaking down the headlines on the @realDonaldTrump #TulsaRally, #ReopenAmerica, and #FlipTheHouseRed with @LizRNC, @P‚Ä¶",Twitter for iPhone
1274363151979593730,BreitbartNews,140,2020-06-20 15:27:06,0,25,RT @SiriusXMPatriot: Tune in to @SiriusXM 125 from 8-10pm ET TONIGHT to hear @POTUS @realDonaldTrump's #TulsaRally LIVE. Hosted by @Breitba‚Ä¶,Twitter for iPhone
1274358144425242627,BreitbartNews,96,2020-06-20 15:07:12,387,148,"CNN ""historian"" Doug Brinkley is a total phony--and has been for years.  https://t.co/fc2nKkcCv8",SocialFlow
1274352932058791936,BreitbartNews,203,2020-06-20 14:46:29,840,342,The Establishment Media is twisting itself into a pretzel trying to somehow explain why tonight's Trump rally is dangerous but the WEEKS of massive protests are somehow different. https://t.co/9V5zSsySPO,SocialFlow
1274347692143939584,BreitbartNews,180,2020-06-20 14:25:40,433,397,"Hollywood Elite Ansel Elgort accused of sexually assaulting 17-year-old girl. ""...the only words that came out of his mouth were ‚Äòwe need to break you in.'"" https://t.co/S6ttMGWiY5",SocialFlow
1274343153194106880,BreitbartNews,141,2020-06-20 14:07:38,28880,10834,"""They are like that one girlfriend you had that's just an idiot that believes every lie some guy tells her at a bar."" https://t.co/Yimr8YD1ck",SocialFlow
1274337816156278786,BreitbartNews,30,2020-06-20 13:46:26,630,272,Yikes. https://t.co/1eh48aqyPu,SocialFlow
1274332914197635073,BreitbartNews,275,2020-06-20 13:26:57,287,119,"The Department of Defense identified China and Russia as its chief adversaries in potential outer space warfare, announcing a new Defense Space Strategy aimed at deterring the threats posed by the two countries and maintaining U.S. dominance in space. https://t.co/cMFTJoYHSf",SocialFlow
1274327720697176064,BreitbartNews,164,2020-06-20 13:06:19,112,24,"Spoetzl Brewery, known for Shiner Bock beer, and Sprinkles Cupcakes are teaming up for an especially ‚ÄúDad‚Äù confection for Father‚Äôs Day 2020. https://t.co/uDgK8Ew5Kg",SocialFlow
1274322268273901568,BreitbartNews,204,2020-06-20 12:44:39,342,154,Japan filed a diplomatic protest against Beijing after Chinese ships encroached on Japanese territory near the disputed Senkaku Islands in the East China Sea for a record 66th day. https://t.co/2fr4QkWy1d,SocialFlow
1274316998412025857,BreitbartNews,214,2020-06-20 12:23:42,5571,4583,An anti-deportation group affiliated with leftist billionaire George Soros‚Äôs Open Society Foundation is one of the groups behind the ‚Äúdefund the police‚Äù movement taking place across America. https://t.co/7mLUJYMshy,SocialFlow
1274311775396278273,BreitbartNews,188,2020-06-20 12:02:57,61,22,A TV channel in Bolivia sparked widespread outrage on Thursday after broadcasting a Chinese coronavirus patient dying as doctors desperately tried to save his life. https://t.co/VhPq7kpDbG,SocialFlow
1274306571896528897,BreitbartNews,193,2020-06-20 11:42:16,3891,3940,"Black Lives Matter Global Network co-founder Patrisse Cullors said President Donald Trump should resign from office immediately and said, ‚Äúour goal is to get Trump out.‚Äù https://t.co/RZLqauqve7",SocialFlow
1274301356967374848,BreitbartNews,42,2020-06-20 11:21:33,195,77,Gone with the Woke https://t.co/lImhLj8yjY,SocialFlow
1274296287417053184,BreitbartNews,91,2020-06-20 11:01:24,366,195,AOC says it is now time to study proposals for issuing reparations. https://t.co/0NlOIjdLSa,SocialFlow
1274221859307995136,BreitbartNews,40,2020-06-20 06:05:39,6131,2649,That had to hurt https://t.co/TZkCQnH79Y,Twitter for iPhone
1274187023147024384,BreitbartNews,180,2020-06-20 03:47:14,357,242,A Michigan movie theater company organized a Juneteenth Film Festival and the Democrat attorney general threatened to ‚Äúcriminally prosecute‚Äù the organizers. https://t.co/4us27CluBE,SocialFlow
1274181917093625856,BreitbartNews,199,2020-06-20 03:26:56,108,62,Former First Lady Michelle Obama commemorated Juneteenth on Friday with a statement suggesting that those who have protested ‚Äî in the past and present ‚Äî have ‚Äúled us forward.‚Äù https://t.co/jJkt1E0PmU,SocialFlow
1274176226278682631,BreitbartNews,43,2020-06-20 03:04:20,1043,281,Of course they are. https://t.co/LqgGCnezOd,SocialFlow
1274170682671316994,BreitbartNews,42,2020-06-20 02:42:18,2005,739,This ad is brutal. https://t.co/lZvUAdK7sR,SocialFlow
1274165175315238913,BreitbartNews,52,2020-06-20 02:20:25,240,48,Congrats Dathan Wickson Jr.! https://t.co/xE4ud1JMIC,SocialFlow
1274160033983578113,BreitbartNews,169,2020-06-20 01:59:59,56,34,"The owners of Calhoun Square shopping center in Minneapolis, Minnesota, have decided to change its name in the aftermath of George Floyd‚Äôs death. https://t.co/pQbnBY5f1T",SocialFlow
1274154433300004864,BreitbartNews,94,2020-06-20 01:37:44,176,72,Former Colorado Gov. John Hickenlooper (D) is having a very bad month. https://t.co/bN2BZC7P3D,SocialFlow
1274152421758046208,BreitbartNews,140,2020-06-20 01:29:44,0,160,"RT @AlexMarlow: Today CHAZ/CHOP is having a Black Only Juneteeth event and white people are asked to protect its ‚Äúborders.‚Äù

Rev. Dr. Marti‚Ä¶",Twitter for iPhone
1274148896047013889,BreitbartNews,201,2020-06-20 01:15:44,9150,2567,Joe Rogan said left-wing media have ‚Äúcompletely ignored‚Äù Joe Biden‚Äôs repeated verbal screw-ups and that the presumptive Democrat nominee is showing signs of ‚Äúcognitive decline.‚Äù https://t.co/oeSoMc1fkG,SocialFlow
1274145383900426240,BreitbartNews,36,2020-06-20 01:01:46,842,280,This is CNN. https://t.co/kri44hHD9g,SocialFlow
1274140132229156864,BreitbartNews,160,2020-06-20 00:40:54,452,316,"Twitter and Facebook have now taken down a meme video posted to each platform by President Donald Trump, following copyright complaints. https://t.co/qmydUQBjOl",SocialFlow
1274138958482587649,BreitbartNews,120,2020-06-20 00:36:14,0,158,RT @AWRHawkins: Hawkins: National Reciprocity Needed Amid Nationwide Riots ‚Å¶@BreitbartNews‚Å© #2A  https://t.co/S12ZJXLXPg,Twitter for iPhone
1274135011353079813,BreitbartNews,178,2020-06-20 00:20:33,100,37,"The Washington Redskins haven‚Äôt changed their nickname yet, as the left wants them to do. Though, they have parted with one symbol due to its racist ties. https://t.co/jxw6nh6EIU",SocialFlow
1274125659623821319,BreitbartNews,152,2020-06-19 23:43:24,3929,1565,A black preacher confronted BLM protesters saying that Planned Parenthood that is the number one killer of the black community.  https://t.co/jmrZAjMsk1,SocialFlow
1274122059883347969,BreitbartNews,120,2020-06-19 23:29:05,0,377,"RT @AlexMarlow: Isn‚Äôt it interesting how it‚Äôs always Democrats getting in trouble for blackface?
https://t.co/IjLHMRWlQu",Twitter for iPhone
1274119928090701825,BreitbartNews,174,2020-06-19 23:20:37,562,305,The Washington Post removed a front-page graphic on Friday after nationwide coronavirus deaths have continued to decline under President Donald Trump. https://t.co/GjfwkBC2rt,SocialFlow
1274116356401741832,BreitbartNews,244,2020-06-19 23:06:25,153,88,"UPDATE: The NCAA on Friday expanded its policy banning states with prominent Confederate symbols from hosting its championship events, one day after the SEC made a similar declaration aimed at the Mississippi state flag. https://t.co/eoQGVSsXrc",SocialFlow
1274110656950788101,BreitbartNews,264,2020-06-19 22:43:47,405,343,"‚ÄúWhen hiring for HR positions, it‚Äôs important to prioritize H-1B visa workers, and this will stimulate the process of diversification of the workplace,‚Äù says the March 2020 document leaked by @Project_Veritas, titled ‚ÄúDiversity Initiative.‚Äù https://t.co/eUr1vZxRlB",SocialFlow
1274104941922189319,BreitbartNews,29,2020-06-19 22:21:04,204,72,Whoa! https://t.co/hr9EYPFDr4,SocialFlow
1274099469131415552,BreitbartNews,248,2020-06-19 21:59:19,157,91,"Philonise Floyd, the brother of George Floyd, the black man who died last month at the hands of Minneapolis police, is asking the United Nations to investigate policing in the United States for racism and ‚Äúpolice brutality.‚Äù https://t.co/B9TFFEAfcY",SocialFlow
1274094212674285568,BreitbartNews,139,2020-06-19 21:38:26,0,2086,"RT @mrjondavid: I wrote this song for all of the Deplorables out there.

RT and let's show the left-wing MSM that we're fired up and ready‚Ä¶",Twitter for iPhone
1274093897753526272,BreitbartNews,78,2020-06-19 21:37:11,2816,494,How will the Republic survive such a devastating blow? https://t.co/7SUzoQSepa,SocialFlow
1274089166796730371,BreitbartNews,132,2020-06-19 21:18:23,0,102,RT @IldefonsoOrtiz: EXCLUSIVE: Drug Lord Controlling Mexican Border State Prison Unmasked https://t.co/mt36scSVVA via @BreitbartNews,Twitter for iPhone
1274089149583241216,BreitbartNews,68,2020-06-19 21:18:19,0,674,"RT @AlexMarlow: All of a sudden, CNN believes in walls and borders??",Twitter for iPhone
1274088712511594503,BreitbartNews,39,2020-06-19 21:16:35,949,779,It's happening. https://t.co/DeyszI6XPP,SocialFlow
1274088505501720583,BreitbartNews,140,2020-06-19 21:15:45,0,64,"RT @WVGovernor: Today I declared June 19th as Juneteenth Day in West Virginia! 

This is a very special day and an important day for all of‚Ä¶",Twitter Web App
1274083642034266114,BreitbartNews,159,2020-06-19 20:56:26,766,239,"President Donald Trump on Friday warned leftist rioters not to show up at his campaign rally scheduled for Saturday in Tulsa, Oklahoma. https://t.co/wZJZTdwQyq",SocialFlow
1274079105038909442,BreitbartNews,190,2020-06-19 20:38:24,1154,439,WATCH: Joe Rogan said left-wing media have ‚Äúcompletely ignored‚Äù Joe Biden‚Äôs repeated verbal flubs and judged that he is ‚Äúclearly‚Äù in some form of ‚Äúcognitive decline.‚Äù https://t.co/ikljvLvxLI,SocialFlow
1274076595603546115,BreitbartNews,172,2020-06-19 20:28:26,439,134,"Watch live as supporters of President Donald Trump line up a day early on Friday for the president‚Äôs campaign rally in Tulsa, Oklahoma, on Saturday. https://t.co/8FPoMwCQoQ",SocialFlow
1274074222730661889,BreitbartNews,27,2020-06-19 20:19:00,1120,343,ü§°ü§°ü§° https://t.co/1eaC2dDBTG,SocialFlow
1274073867150143494,BreitbartNews,39,2020-06-19 20:17:35,549,285,Not Very Woke!  https://t.co/oNw9TTtd1R,SocialFlow
1274068383693262854,BreitbartNews,251,2020-06-19 19:55:48,1033,323,".@JoeRogan said left-wing media have ""completely ignored"" former Vice President Joe Biden's repeated verbal flubs and judged that the presumptive Democratic presidential nominee is ""clearly"" in some form of ""cognitive decline."" https://t.co/Tk05HDKsaf",SocialFlow
1274065605931536384,BreitbartNews,246,2020-06-19 19:44:46,557,265,".@KenBlackwell and @BernardKerik: ""The Democrat Party has had decades to fulfill its promises to black Americans, but all it‚Äôs delivered is crime-ridden cities bereft of economic opportunity. It‚Äôs time to shake things up."" https://t.co/ZnDOujwAAh",SocialFlow
1274060443401814018,BreitbartNews,117,2020-06-19 19:24:15,2629,1283,"""That is a bonafide death wish to defund the police,"" said Trump rally attendee Darryl Henry. https://t.co/TBOpOb4lED",SocialFlow
1274054840633757699,BreitbartNews,47,2020-06-19 19:01:59,1604,554,"Lie (as usual). 
*yawn* https://t.co/EyeiGaBqUd",SocialFlow
1274049910015393793,BreitbartNews,128,2020-06-19 18:42:23,174,79,Why are the Minnesota Twins only NOW going woke? Were they unaware of their former owner's past comment? https://t.co/D92dg9O7m4,SocialFlow
1274044276457046022,BreitbartNews,170,2020-06-19 18:20:00,797,410,"Hollywood Elites are just regular, down-home folks. After all, who among us hasn't attended a $100,000.00 per person virtual Joe Biden fundraiser? https://t.co/2Sm0JoRrQT",SocialFlow
1274038802013728768,BreitbartNews,149,2020-06-19 17:58:15,2819,1300,"NOLTE: ""Have you noticed that pretty much everyone caught in blackface in America is a Democrat or a Trump-hating celebrity?"" https://t.co/F7uJBdFrQq",SocialFlow
1274035492141531137,BreitbartNews,139,2020-06-19 17:45:06,0,290,RT @SenRuthJohnson: Thank you to @kyleolson4 and @BreitbartNews for drawing attention to the serious issue of absentee ballot applications‚Ä¶,Twitter for iPhone
1274033945626251266,BreitbartNews,142,2020-06-19 17:38:57,637,517,"An illegal alien has been charged with raping an underage girl and providing her with alcohol in Gainseville, Georgia. https://t.co/fthZAvq4Fs",SocialFlow
1274028885110329344,BreitbartNews,196,2020-06-19 17:18:51,879,423,"When conservatives realize the depth and breadth of how Leftist Google is suppressing and targeting them ahead of the November Election, they will be stunned to their core. https://t.co/KyjSy3BidC",SocialFlow
1274023376668024833,BreitbartNews,153,2020-06-19 16:56:57,582,222,"President Donald Trump signed the Uyghur Human Rights Policy Act into law on Wednesday, requiring sanctions on Chinese officials. https://t.co/Yu0PSwQBDG",SocialFlow
1274018299102314497,BreitbartNews,188,2020-06-19 16:36:47,687,373,"POLLAK: ""The Democratic Party is a relic of slavery, Jim Crow, and racism, and should be renamed as a gesture toward achieving social justice in the United States."" https://t.co/Jdaij8vLEt",SocialFlow
1274012806866665475,BreitbartNews,274,2020-06-19 16:14:57,249,191,"The radical enclave in Seattle known as the Capitol Hill Occupied Protest (CHOP) will apparently feature a Juneteenth celebration on Friday that will be restricted to black people, while white people are being asked to provide security and donations. https://t.co/UeGoDYaAGV",SocialFlow
1274007501520977925,BreitbartNews,126,2020-06-19 15:53:52,310,112,"Amy Klobuchar in effect bows out, says Joe Biden should instead ""put a woman of color on that ticket."" https://t.co/St2kWu93Rs",SocialFlow
1274002130014265344,BreitbartNews,153,2020-06-19 15:32:32,376,195,"A black man who used ropes in trees in a park in Oakland as exercise aids is speaking out after they were identified as ""nooses."" https://t.co/9Ykmo2abtj",SocialFlow
1273996587845419009,BreitbartNews,199,2020-06-19 15:10:30,434,405,"A major magazine designed to influence an entire generation of teenagers --¬†Teen Vogue¬†-- tweeted ""Welcome to Marx!,"" promoting a 2018 article hailing Karl Marx as a ""legend."" https://t.co/fmSbD3viNk",SocialFlow
1273991509604433922,BreitbartNews,66,2020-06-19 14:50:20,190,100,"The compassion, the humanity, and heroism. https://t.co/gY0JgD1U72",SocialFlow
1273986187456319491,BreitbartNews,58,2020-06-19 14:29:11,588,387,Now GEORGE WASHINGTON is a target! https://t.co/O9VsGsNJTF,SocialFlow
1273985775210844162,BreitbartNews,40,2020-06-19 14:27:32,666,206,"Sorry, Leftists. https://t.co/1IgLJIszqY",SocialFlow
1273980406073786368,BreitbartNews,149,2020-06-19 14:06:12,157,65,"Ian Holm, a Britsh actor best known for starring in Chariots of Fire and as Bilbo Baggins in The Lord of the Rings, has died. https://t.co/cM2Yj2Z4rm",SocialFlow
1273975428642988033,BreitbartNews,156,2020-06-19 13:46:26,1206,300,"Jimmy Kimmel, who has been taping his ABC talk show from his home during the coronavirus pandemic, said he is taking the summer off. https://t.co/VKfIAEPRh2",SocialFlow
1273970814526906368,BreitbartNews,261,2020-06-19 13:28:06,320,221,"The stepmother of former Atlanta Police Department officer Garrett Rolfe has purportedly been fired from her job in the wake of Rolfe being charged in the death of Rayshard Brooks, Fox News Channel primetime host Tucker Carlson reported. https://t.co/wr3RuQaHoi",SocialFlow
1273966083893071872,BreitbartNews,169,2020-06-19 13:09:18,75,60,UPDATE: The Los Angeles City Council‚Äôs Budget and Finance Committee unanimously voted to submit proposed police funding cuts to the City Council. https://t.co/w1dwAYkevW,SocialFlow
1273960796750561283,BreitbartNews,243,2020-06-19 12:48:17,338,251,"The chief of America‚Äôs premier college football conference just sent a stern message to the State of Mississippi: Get the confederate flag out of your state flag, or risk not hosting another SEC Championship game again. https://t.co/4l3iz31QY5",SocialFlow
1273955276853514242,BreitbartNews,161,2020-06-19 12:26:21,1008,253,"Police in Portland, Oregon, quickly tore down a barrier erected by protesters intent on setting up a Capitol Hill Autonomous Zone (CHAZ). https://t.co/g3g066MQyn",SocialFlow
1273949807112073217,BreitbartNews,196,2020-06-19 12:04:37,159,40,President Donald Trump on Thursday said that he had a chance to explore the Tiger King Netflix reality show but did not commit to a full presidential pardon for Joe Exotic. https://t.co/3yQzQUb1WL,SocialFlow
1273944396367630342,BreitbartNews,42,2020-06-19 11:43:07,167,81,"No mask, no flight https://t.co/tihhjspxf1",SocialFlow
1273939095585206272,BreitbartNews,42,2020-06-19 11:22:03,194,95,Gone with the Woke https://t.co/PZ3Jy19FSD,SocialFlow
1273933727614357506,BreitbartNews,36,2020-06-19 11:00:43,274,181,Another one. https://t.co/PhuDwi9N30,SocialFlow
1273827593003859974,BreitbartNews,262,2020-06-19 03:58:59,653,103,"President Donald Trump on Thursday said that NBC‚Äôs Saturday Night Live was no longer funny during his presidency, asserting that it was more ‚Äúmean spirited‚Äù and partisan since he beat failed presidential candidate Hillary Clinton in 2016. https://t.co/AnpvjWIFaF",SocialFlow
1273822720443265025,BreitbartNews,70,2020-06-19 03:39:37,10812,7854,These people have been camping out for days... https://t.co/eX7SluZ8T2,Twitter for iPhone
1273822546924888065,BreitbartNews,261,2020-06-19 03:38:56,652,441,"The stepmother of former Atlanta Police Department officer Garrett Rolfe has purportedly been fired from her job in the wake of Rolfe being charged in the death of Rayshard Brooks, Fox News Channel primetime host Tucker Carlson reported. https://t.co/kTAX27odoo",SocialFlow
1273820090870517762,BreitbartNews,257,2020-06-19 03:29:10,631,260,President Donald Trump on Thursday said that former Vice President Joe Biden was ‚ÄúChina‚Äôs dream‚Äù president for the United States as his campaign released an ad claiming that Biden was also endorsed by slain terrorist Osama bin Laden. https://t.co/nQADKElEjh,SocialFlow
1273814892617895936,BreitbartNews,187,2020-06-19 03:08:31,244,91,Sen. Amy Klobuchar (D-MN) stated that 2020 Democratic presidential candidate former Vice President Joe Biden should pick a woman of color to be his vice president. https://t.co/co9bJB24Wt,SocialFlow
1273810415353552899,BreitbartNews,156,2020-06-19 02:50:43,740,259,A Palmdale Sheriff‚Äôs Station deputy saved the day after the baby of a woman reportedly attending a nearby protest stopped breathing. https://t.co/h0PEthp5bl,SocialFlow
1273805275083014144,BreitbartNews,153,2020-06-19 02:30:18,1116,417,"President Donald Trump signed the Uyghur Human Rights Policy Act into law on Wednesday, requiring sanctions on Chinese officials. https://t.co/961aNKbokh",SocialFlow
1273800073747607561,BreitbartNews,28,2020-06-19 02:09:38,532,122,WOW! https://t.co/IRLu6sz9tq,SocialFlow
1273794898630754304,BreitbartNews,157,2020-06-19 01:49:04,268,123,"Minnesota's unemployment rate hit 9.9 percent in May, reaching the highest point its ever been in the state, according to state data. https://t.co/u0DRvd1OoT",SocialFlow
1273790935500050434,BreitbartNews,140,2020-06-19 01:33:19,0,332,"RT @AlexMarlow: The Court said that the Trump admin failed to consider ‚Äúthe hardship to DACA recipients‚Äù before rescinding DACA.

And how e‚Ä¶",Twitter for iPhone
1273789317345955844,BreitbartNews,181,2020-06-19 01:26:53,517,488,"Officials cut off a gym‚Äôs power and water supply Thursday in Oxford, Massachusetts, because it refused to comply with the state‚Äôs coronavirus reopening plan. https://t.co/oWJC9vio0z",SocialFlow
1273784184499306501,BreitbartNews,114,2020-06-19 01:06:30,415,211,Democrats want another--wait for it--investigation! This time based on John Bolton's book. https://t.co/pBMlx8grrv,SocialFlow
1273779017020211200,BreitbartNews,158,2020-06-19 00:45:57,118,72,"A pregnant woman suffered serious injuries Thursday after falling from an overpass near a highway in St. Paul, Minnesota, police said. https://t.co/bV1zcnpDnb",SocialFlow
1273773393549176835,BreitbartNews,60,2020-06-19 00:23:37,1051,360,Another Deep State swing and a miss! https://t.co/O1OlHu15xI,SocialFlow
1273767848092094464,BreitbartNews,61,2020-06-19 00:01:35,84,42,"If you ain't a Gator, you must be.... https://t.co/tx0XxNuWgO",SocialFlow
1273762478086934528,BreitbartNews,93,2020-06-18 23:40:14,293,175,"Hillary goes trolling, trashes President Trump in overseas interview. https://t.co/eb1KWu85x3",SocialFlow
1273757017182699527,BreitbartNews,64,2020-06-18 23:18:32,504,300,"A must-watch.

@HawleyMO breaks it down. https://t.co/nzhahmMMdE",SocialFlow
1273752058903113728,BreitbartNews,154,2020-06-18 22:58:50,1422,840,UPDATE: Atlanta police officer Devin Brosnan suffered a concussion and other injuries during the altercation with Rayshard Brooks. https://t.co/87B1SYlqoe,SocialFlow
1273746514058280960,BreitbartNews,85,2020-06-18 22:36:48,348,182,GOP Establishment: WAKE UP! Just 137 days until the Election. https://t.co/bPdAqrcHlh,SocialFlow
1273740966655070208,BreitbartNews,173,2020-06-18 22:14:46,179,76,"POLLAK: Former Officer Garrett Rolfe is being charged with ""felony murder"" in the death of Rayshard Brooks, but it is not clear the doctrine applies. https://t.co/ngpIseF3J9",SocialFlow
1273740886837428226,BreitbartNews,140,2020-06-18 22:14:27,0,205,RT @AlexMarlow: Hillary mocked Trump‚Äôs faith saying he ‚Äúcan‚Äôt tell you a single thing‚Äù in the Bible and that he‚Äôs ‚Äúhijacking Christianity.‚Äù‚Ä¶,Twitter for iPhone
1273735516949753864,BreitbartNews,113,2020-06-18 21:53:06,315,157,Cream of Wheat under review to ensure the brand does not contribute to ‚Äúsystemic racism.‚Äù https://t.co/0PvXgII0rs,SocialFlow
1273730911083925505,BreitbartNews,115,2020-06-18 21:34:48,795,236,"The FBI used Instagram, an Etsy review, and LinkedIn to identify a rioter accused of arson. https://t.co/WMdAfZF6tH",SocialFlow
1273725607172587522,BreitbartNews,196,2020-06-18 21:13:44,176,122,"The University of Georgia Redcoat Marching Band has dumped Tara‚Äôs Theme from its routine because of the song‚Äôs connection to the classic Civil War film, Gone With The Wind. https://t.co/ojv2yY6ouz",SocialFlow
1273720503631519754,BreitbartNews,197,2020-06-18 20:53:27,735,448,House Speaker Nancy Pelosi (D-CA) announced on Thursday that four portraits of former speakers who served in the Confederacy ‚Äî all Democrats ‚Äî will be removed on Juneteenth. https://t.co/CHJFwNgfkn,SocialFlow
1273715281739816961,BreitbartNews,42,2020-06-18 20:32:42,194,106,"No mask, no flight https://t.co/egpzlamwEd",SocialFlow
1273707671326203908,BreitbartNews,161,2020-06-18 20:02:27,907,285,"Police in Portland, Oregon, quickly tore down a barrier erected by protesters intent on setting up a Capitol Hill Autonomous Zone (CHAZ). https://t.co/n7igRvQqA5",SocialFlow
1273705174985474049,BreitbartNews,140,2020-06-18 19:52:32,0,174,"RT @LibertarianBlue: Dr. Robert Epstein: On Election Day Mark Zuckerberg Can Give One Presidential Candidate 450,000 Votes https://t.co/3qX‚Ä¶",Twitter for iPhone
1273705148406206464,BreitbartNews,140,2020-06-18 19:52:26,0,246,RT @AlexMarlow: Here are some pieces run by the same outlets that have now decided John Bolton is some sort of moral arbiter. https://t.co/‚Ä¶,Twitter for iPhone
1273702521534656512,BreitbartNews,136,2020-06-18 19:42:00,108,45,"New claims for unemployment benefits fell to 1.508 last week, data from the Department of Labor showed Thursday. https://t.co/Lx6tGSSSqq",SocialFlow
1273697054993285120,BreitbartNews,163,2020-06-18 19:20:16,705,434,California Gov. Gavin Newsom (D) on Thursday signed an order making wearing face coverings mandatory while in public or high-risk settings. https://t.co/eWkRBtAw2p,SocialFlow
1273695216617299970,BreitbartNews,155,2020-06-18 19:12:58,478,171,A New Jersey State Trooper and a Good Samaritan are credited for rescuing eight people from a sinking boat at the New Jersey Shore. https://t.co/BJ97EcYsNa,SocialFlow
1273689735316279296,BreitbartNews,149,2020-06-18 18:51:11,431,208,Schumer can hardly believe his luck with George W Bush's SCOTUS pick John Roberts delivering another massive win to Leftists. https://t.co/zIhOZilsQ9,SocialFlow
1273683951622795266,BreitbartNews,141,2020-06-18 18:28:12,1165,1022,"Facebook removed an ad from the Trump campaign earlier today attacking Antifa, citing its policy on ‚Äúorganized hate.‚Äù https://t.co/GzRa0AGxtU",SocialFlow
1273682468659499009,BreitbartNews,182,2020-06-18 18:22:19,123,67,"‚ÄúWhat I didn‚Äôt realize and what I have learned is really black oppression exists here ‚Äî is alive and well in 2020,‚Äù Democrat Virginia Gov. Ralph Northam said. https://t.co/RPk3DZOX4q",SocialFlow
1273676937089749000,BreitbartNews,164,2020-06-18 18:00:20,19713,21846,HORROR: A report has uncovered a Berlin government-backed pedophile network that actively sought to place homeless children with pedophiles. https://t.co/EAhsImFopf,SocialFlow
1273671878620655617,BreitbartNews,155,2020-06-18 17:40:14,471,173,A New Jersey State Trooper and a Good Samaritan are credited for rescuing eight people from a sinking boat at the New Jersey Shore. https://t.co/hHUEF408wa,SocialFlow
